{
	"start":	{
		"connected":	[{
				"socket":	5,
				"local_host":	"172.21.0.2",
				"local_port":	55318,
				"remote_host":	"172.21.0.3",
				"remote_port":	5201
			}],
		"version":	"iperf 3.6",
		"system_info":	"Linux 0e5846a0c7b6 5.15.0-43-generic #46~20.04.1-Ubuntu SMP Thu Jul 14 15:20:17 UTC 2022 x86_64",
		"timestamp":	{
			"time":	"Tue, 09 Aug 2022 23:03:46 GMT",
			"timesecs":	1660086226
		},
		"connecting_to":	{
			"host":	"172.21.0.3",
			"port":	5201
		},
		"cookie":	"wpyygmvne3lbwoinhoutcq5leviahs5agemn",
		"tcp_mss_default":	1448,
		"sock_bufsize":	0,
		"sndbuf_actual":	16384,
		"rcvbuf_actual":	131072,
		"test_start":	{
			"protocol":	"TCP",
			"num_streams":	1,
			"blksize":	131072,
			"omit":	0,
			"duration":	10,
			"bytes":	0,
			"blocks":	0,
			"reverse":	0,
			"tos":	0
		}
	},
	"intervals":	[{
			"streams":	[{
					"socket":	5,
					"start":	0,
					"end":	1.0001058578491211,
					"seconds":	1.0001058578491211,
					"bytes":	7269253120,
					"bits_per_second":	58147869551.5983,
					"retransmits":	116,
					"snd_cwnd":	515488,
					"rtt":	24,
					"rttvar":	11,
					"pmtu":	1500,
					"omitted":	false
				}],
			"sum":	{
				"start":	0,
				"end":	1.0001058578491211,
				"seconds":	1.0001058578491211,
				"bytes":	7269253120,
				"bits_per_second":	58147869551.5983,
				"retransmits":	116,
				"omitted":	false
			}
		}, {
			"streams":	[{
					"socket":	5,
					"start":	1.0001058578491211,
					"end":	2.000147819519043,
					"seconds":	1.0000419616699219,
					"bytes":	7392460800,
					"bits_per_second":	59137204904.127708,
					"retransmits":	0,
					"snd_cwnd":	515488,
					"rtt":	23,
					"rttvar":	7,
					"pmtu":	1500,
					"omitted":	false
				}],
			"sum":	{
				"start":	1.0001058578491211,
				"end":	2.000147819519043,
				"seconds":	1.0000419616699219,
				"bytes":	7392460800,
				"bits_per_second":	59137204904.127708,
				"retransmits":	0,
				"omitted":	false
			}
		}, {
			"streams":	[{
					"socket":	5,
					"start":	2.000147819519043,
					"end":	3.0000069141387939,
					"seconds":	0.999859094619751,
					"bytes":	7515668480,
					"bits_per_second":	60133821018.9165,
					"retransmits":	0,
					"snd_cwnd":	515488,
					"rtt":	18,
					"rttvar":	1,
					"pmtu":	1500,
					"omitted":	false
				}],
			"sum":	{
				"start":	2.000147819519043,
				"end":	3.0000069141387939,
				"seconds":	0.999859094619751,
				"bytes":	7515668480,
				"bits_per_second":	60133821018.9165,
				"retransmits":	0,
				"omitted":	false
			}
		}, {
			"streams":	[{
					"socket":	5,
					"start":	3.0000069141387939,
					"end":	4.0001959800720215,
					"seconds":	1.0001890659332275,
					"bytes":	7455375360,
					"bits_per_second":	59631728551.591423,
					"retransmits":	0,
					"snd_cwnd":	515488,
					"rtt":	22,
					"rttvar":	6,
					"pmtu":	1500,
					"omitted":	false
				}],
			"sum":	{
				"start":	3.0000069141387939,
				"end":	4.0001959800720215,
				"seconds":	1.0001890659332275,
				"bytes":	7455375360,
				"bits_per_second":	59631728551.591423,
				"retransmits":	0,
				"omitted":	false
			}
		}, {
			"streams":	[{
					"socket":	5,
					"start":	4.0001959800720215,
					"end":	5.0001888275146484,
					"seconds":	0.999992847442627,
					"bytes":	7459307520,
					"bits_per_second":	59674886988.05291,
					"retransmits":	0,
					"snd_cwnd":	515488,
					"rtt":	20,
					"rttvar":	4,
					"pmtu":	1500,
					"omitted":	false
				}],
			"sum":	{
				"start":	4.0001959800720215,
				"end":	5.0001888275146484,
				"seconds":	0.999992847442627,
				"bytes":	7459307520,
				"bits_per_second":	59674886988.05291,
				"retransmits":	0,
				"omitted":	false
			}
		}, {
			"streams":	[{
					"socket":	5,
					"start":	5.0001888275146484,
					"end":	6.0000510215759277,
					"seconds":	0.9998621940612793,
					"bytes":	7534018560,
					"bits_per_second":	60280455484.754585,
					"retransmits":	0,
					"snd_cwnd":	515488,
					"rtt":	19,
					"rttvar":	1,
					"pmtu":	1500,
					"omitted":	false
				}],
			"sum":	{
				"start":	5.0001888275146484,
				"end":	6.0000510215759277,
				"seconds":	0.9998621940612793,
				"bytes":	7534018560,
				"bits_per_second":	60280455484.754585,
				"retransmits":	0,
				"omitted":	false
			}
		}, {
			"streams":	[{
					"socket":	5,
					"start":	6.0000510215759277,
					"end":	7.0000300407409668,
					"seconds":	0.99997901916503906,
					"bytes":	7274496000,
					"bits_per_second":	58197189025.618134,
					"retransmits":	0,
					"snd_cwnd":	515488,
					"rtt":	19,
					"rttvar":	0,
					"pmtu":	1500,
					"omitted":	false
				}],
			"sum":	{
				"start":	6.0000510215759277,
				"end":	7.0000300407409668,
				"seconds":	0.99997901916503906,
				"bytes":	7274496000,
				"bits_per_second":	58197189025.618134,
				"retransmits":	0,
				"omitted":	false
			}
		}, {
			"streams":	[{
					"socket":	5,
					"start":	7.0000300407409668,
					"end":	8.0001280307769775,
					"seconds":	1.0000979900360107,
					"bytes":	7527464960,
					"bits_per_second":	60213819325.675934,
					"retransmits":	0,
					"snd_cwnd":	515488,
					"rtt":	22,
					"rttvar":	6,
					"pmtu":	1500,
					"omitted":	false
				}],
			"sum":	{
				"start":	7.0000300407409668,
				"end":	8.0001280307769775,
				"seconds":	1.0000979900360107,
				"bytes":	7527464960,
				"bits_per_second":	60213819325.675934,
				"retransmits":	0,
				"omitted":	false
			}
		}, {
			"streams":	[{
					"socket":	5,
					"start":	8.0001280307769775,
					"end":	9.00019383430481,
					"seconds":	1.000065803527832,
					"bytes":	7520911360,
					"bits_per_second":	60163331920.513504,
					"retransmits":	0,
					"snd_cwnd":	515488,
					"rtt":	22,
					"rttvar":	5,
					"pmtu":	1500,
					"omitted":	false
				}],
			"sum":	{
				"start":	8.0001280307769775,
				"end":	9.00019383430481,
				"seconds":	1.000065803527832,
				"bytes":	7520911360,
				"bits_per_second":	60163331920.513504,
				"retransmits":	0,
				"omitted":	false
			}
		}, {
			"streams":	[{
					"socket":	5,
					"start":	9.00019383430481,
					"end":	10.000159978866577,
					"seconds":	0.99996614456176758,
					"bytes":	7480279040,
					"bits_per_second":	59844258373.592934,
					"retransmits":	0,
					"snd_cwnd":	521280,
					"rtt":	20,
					"rttvar":	4,
					"pmtu":	1500,
					"omitted":	false
				}],
			"sum":	{
				"start":	9.00019383430481,
				"end":	10.000159978866577,
				"seconds":	0.99996614456176758,
				"bytes":	7480279040,
				"bits_per_second":	59844258373.592934,
				"retransmits":	0,
				"omitted":	false
			}
		}],
	"end":	{
		"streams":	[{
				"sender":	{
					"socket":	5,
					"start":	0,
					"end":	10.000159978866577,
					"seconds":	10.000159978866577,
					"bytes":	74429235200,
					"bits_per_second":	59542435606.863838,
					"retransmits":	116,
					"max_snd_cwnd":	521280,
					"max_rtt":	24,
					"min_rtt":	18,
					"mean_rtt":	20
				},
				"receiver":	{
					"socket":	5,
					"start":	0,
					"end":	10.000168,
					"seconds":	10.000159978866577,
					"bytes":	74429235200,
					"bits_per_second":	59542387847.884155
				}
			}],
		"sum_sent":	{
			"start":	0,
			"end":	10.000159978866577,
			"seconds":	10.000159978866577,
			"bytes":	74429235200,
			"bits_per_second":	59542435606.863838,
			"retransmits":	116
		},
		"sum_received":	{
			"start":	0,
			"end":	10.000168,
			"seconds":	10.000168,
			"bytes":	74429235200,
			"bits_per_second":	59542387847.884155
		},
		"cpu_utilization_percent":	{
			"host_total":	99.974744746178217,
			"host_user":	0.51931552569974226,
			"host_system":	99.455419234217572,
			"remote_total":	46.425759906394973,
			"remote_user":	1.0844711657661883,
			"remote_system":	45.341288740628791
		},
		"sender_tcp_congestion":	"cubic",
		"receiver_tcp_congestion":	"cubic"
	}
}
