{
	"start":	{
		"connected":	[{
				"socket":	5,
				"local_host":	"127.0.0.1",
				"local_port":	57980,
				"remote_host":	"127.0.0.1",
				"remote_port":	5201
			}],
		"version":	"iperf 3.7",
		"system_info":	"Linux gustavo-550XDA 5.15.0-43-generic #46~20.04.1-Ubuntu SMP Thu Jul 14 15:20:17 UTC 2022 x86_64",
		"timestamp":	{
			"time":	"Tue, 09 Aug 2022 22:53:39 GMT",
			"timesecs":	1660085619
		},
		"connecting_to":	{
			"host":	"127.0.0.1",
			"port":	5201
		},
		"cookie":	"ttnymni3irx4rdt3zjgimqrsmycn3atdl5us",
		"tcp_mss_default":	32768,
		"sock_bufsize":	0,
		"sndbuf_actual":	16384,
		"rcvbuf_actual":	131072,
		"test_start":	{
			"protocol":	"TCP",
			"num_streams":	1,
			"blksize":	131072,
			"omit":	0,
			"duration":	10,
			"bytes":	0,
			"blocks":	0,
			"reverse":	0,
			"tos":	0
		}
	},
	"intervals":	[{
			"streams":	[{
					"socket":	5,
					"start":	0,
					"end":	1.000126,
					"seconds":	1.0001260042190552,
					"bytes":	8598323200,
					"bits_per_second":	68777919291.991379,
					"retransmits":	0,
					"snd_cwnd":	1637075,
					"rtt":	25,
					"rttvar":	4,
					"pmtu":	65535,
					"omitted":	false,
					"sender":	true
				}],
			"sum":	{
				"start":	0,
				"end":	1.000126,
				"seconds":	1.0001260042190552,
				"bytes":	8598323200,
				"bits_per_second":	68777919291.991379,
				"retransmits":	0,
				"omitted":	false,
				"sender":	true
			}
		}, {
			"streams":	[{
					"socket":	5,
					"start":	1.000126,
					"end":	2.000152,
					"seconds":	1.0000259876251221,
					"bytes":	8861777920,
					"bits_per_second":	70892381035.37764,
					"retransmits":	0,
					"snd_cwnd":	1702558,
					"rtt":	25,
					"rttvar":	3,
					"pmtu":	65535,
					"omitted":	false,
					"sender":	true
				}],
			"sum":	{
				"start":	1.000126,
				"end":	2.000152,
				"seconds":	1.0000259876251221,
				"bytes":	8861777920,
				"bits_per_second":	70892381035.37764,
				"retransmits":	0,
				"omitted":	false,
				"sender":	true
			}
		}, {
			"streams":	[{
					"socket":	5,
					"start":	2.000152,
					"end":	3.00002,
					"seconds":	0.99986797571182251,
					"bytes":	9055764480,
					"bits_per_second":	72455681749.807434,
					"retransmits":	0,
					"snd_cwnd":	1702558,
					"rtt":	22,
					"rttvar":	1,
					"pmtu":	65535,
					"omitted":	false,
					"sender":	true
				}],
			"sum":	{
				"start":	2.000152,
				"end":	3.00002,
				"seconds":	0.99986797571182251,
				"bytes":	9055764480,
				"bits_per_second":	72455681749.807434,
				"retransmits":	0,
				"omitted":	false,
				"sender":	true
			}
		}, {
			"streams":	[{
					"socket":	5,
					"start":	3.00002,
					"end":	4.000106,
					"seconds":	1.0000859498977661,
					"bytes":	8863088640,
					"bits_per_second":	70898615391.255356,
					"retransmits":	0,
					"snd_cwnd":	1702558,
					"rtt":	26,
					"rttvar":	8,
					"pmtu":	65535,
					"omitted":	false,
					"sender":	true
				}],
			"sum":	{
				"start":	3.00002,
				"end":	4.000106,
				"seconds":	1.0000859498977661,
				"bytes":	8863088640,
				"bits_per_second":	70898615391.255356,
				"retransmits":	0,
				"omitted":	false,
				"sender":	true
			}
		}, {
			"streams":	[{
					"socket":	5,
					"start":	4.000106,
					"end":	5.000081,
					"seconds":	0.99997502565383911,
					"bytes":	8770027520,
					"bits_per_second":	70161972409.386276,
					"retransmits":	0,
					"snd_cwnd":	2684803,
					"rtt":	25,
					"rttvar":	4,
					"pmtu":	65535,
					"omitted":	false,
					"sender":	true
				}],
			"sum":	{
				"start":	4.000106,
				"end":	5.000081,
				"seconds":	0.99997502565383911,
				"bytes":	8770027520,
				"bits_per_second":	70161972409.386276,
				"retransmits":	0,
				"omitted":	false,
				"sender":	true
			}
		}, {
			"streams":	[{
					"socket":	5,
					"start":	5.000081,
					"end":	6.000162,
					"seconds":	1.000080943107605,
					"bytes":	8920760320,
					"bits_per_second":	71360306435.0375,
					"retransmits":	0,
					"snd_cwnd":	4059946,
					"rtt":	25,
					"rttvar":	2,
					"pmtu":	65535,
					"omitted":	false,
					"sender":	true
				}],
			"sum":	{
				"start":	5.000081,
				"end":	6.000162,
				"seconds":	1.000080943107605,
				"bytes":	8920760320,
				"bits_per_second":	71360306435.0375,
				"retransmits":	0,
				"omitted":	false,
				"sender":	true
			}
		}, {
			"streams":	[{
					"socket":	5,
					"start":	6.000162,
					"end":	7.000117,
					"seconds":	0.99995499849319458,
					"bytes":	8914206720,
					"bits_per_second":	71316863126.301315,
					"retransmits":	0,
					"snd_cwnd":	4059946,
					"rtt":	25,
					"rttvar":	6,
					"pmtu":	65535,
					"omitted":	false,
					"sender":	true
				}],
			"sum":	{
				"start":	6.000162,
				"end":	7.000117,
				"seconds":	0.99995499849319458,
				"bytes":	8914206720,
				"bits_per_second":	71316863126.301315,
				"retransmits":	0,
				"omitted":	false,
				"sender":	true
			}
		}, {
			"streams":	[{
					"socket":	5,
					"start":	7.000117,
					"end":	8.00013,
					"seconds":	1.000012993812561,
					"bytes":	8967946240,
					"bits_per_second":	71742637709.612961,
					"retransmits":	0,
					"snd_cwnd":	4059946,
					"rtt":	24,
					"rttvar":	2,
					"pmtu":	65535,
					"omitted":	false,
					"sender":	true
				}],
			"sum":	{
				"start":	7.000117,
				"end":	8.00013,
				"seconds":	1.000012993812561,
				"bytes":	8967946240,
				"bits_per_second":	71742637709.612961,
				"retransmits":	0,
				"omitted":	false,
				"sender":	true
			}
		}, {
			"streams":	[{
					"socket":	5,
					"start":	8.00013,
					"end":	9.000103,
					"seconds":	0.99997299909591675,
					"bytes":	8978432000,
					"bits_per_second":	71829395458.617142,
					"retransmits":	0,
					"snd_cwnd":	4059946,
					"rtt":	24,
					"rttvar":	2,
					"pmtu":	65535,
					"omitted":	false,
					"sender":	true
				}],
			"sum":	{
				"start":	8.00013,
				"end":	9.000103,
				"seconds":	0.99997299909591675,
				"bytes":	8978432000,
				"bits_per_second":	71829395458.617142,
				"retransmits":	0,
				"omitted":	false,
				"sender":	true
			}
		}, {
			"streams":	[{
					"socket":	5,
					"start":	9.000103,
					"end":	10.000155,
					"seconds":	1.0000519752502441,
					"bytes":	8836874240,
					"bits_per_second":	70691319720.9674,
					"retransmits":	0,
					"snd_cwnd":	4059946,
					"rtt":	22,
					"rttvar":	4,
					"pmtu":	65535,
					"omitted":	false,
					"sender":	true
				}],
			"sum":	{
				"start":	9.000103,
				"end":	10.000155,
				"seconds":	1.0000519752502441,
				"bytes":	8836874240,
				"bits_per_second":	70691319720.9674,
				"retransmits":	0,
				"omitted":	false,
				"sender":	true
			}
		}],
	"end":	{
		"streams":	[{
				"sender":	{
					"socket":	5,
					"start":	0,
					"end":	10.000155,
					"seconds":	10.000155,
					"bytes":	88767201280,
					"bits_per_second":	71012660327.764923,
					"retransmits":	0,
					"max_snd_cwnd":	4059946,
					"max_rtt":	26,
					"min_rtt":	22,
					"mean_rtt":	24,
					"sender":	true
				},
				"receiver":	{
					"socket":	5,
					"start":	0,
					"end":	10.000163,
					"seconds":	10.000155,
					"bytes":	88767201280,
					"bits_per_second":	71012603518.562637,
					"sender":	true
				}
			}],
		"sum_sent":	{
			"start":	0,
			"end":	10.000155,
			"seconds":	10.000155,
			"bytes":	88767201280,
			"bits_per_second":	71012660327.764923,
			"retransmits":	0,
			"sender":	true
		},
		"sum_received":	{
			"start":	0,
			"end":	10.000163,
			"seconds":	10.000163,
			"bytes":	88767201280,
			"bits_per_second":	71012603518.562637,
			"sender":	true
		},
		"cpu_utilization_percent":	{
			"host_total":	99.982725681728979,
			"host_user":	0.85352107022489665,
			"host_system":	99.12917465603887,
			"remote_total":	57.686058739949296,
			"remote_user":	3.7362801108997581,
			"remote_system":	53.949791815703328
		},
		"sender_tcp_congestion":	"cubic",
		"receiver_tcp_congestion":	"cubic"
	}
}
